Name,Email,Username,Password
Matthew Stagner,matthewstagner@superrito.com,matthewstagner,matthew2346
Donald Rouse,donaldrouse@superrito.com,donaldrouse,donald2205
Evelyn Steffey,evelynsteffey@superrito.com,evelynsteffey,evelyn1661
Caitlyn Rouse,caitlynrouse@superrito.com,caitlynrouse,caitlyn1568
Harry Smith,harrysmith@superrito.com,harrysmith,harry1579
Donald Kelly,donaldkelly@superrito.com,donaldkelly,donald1643
Maria White,mariawhite@superrito.com,mariawhite,maria1522
Peter Gurley,petergurley@superrito.com,petergurley,peter1743
Caitlyn Grimes,caitlyngrimes@superrito.com,caitlyngrimes,caitlyn1524
Maria Kelly,mariakelly@superrito.com,mariakelly,maria2179
Sonny Clinton,sonnyclinton@superrito.com,sonnyclinton,sonny1795
Paul Steffey,paulsteffey@superrito.com,paulsteffey,paul2122
Harry Kelly,harrykelly@superrito.com,harrykelly,harry1181
Martin Steffey,martinsteffey@superrito.com,martinsteffey,martin1215
