"Aer Lingus","Dublin Airport","Dublin",DUB
"Aer Lingus","Shannon Airport","Mid-West Region",SNN
"Aeroflot","Sheremetyevo International Airport","Moscow",SVO
"Aerolíneas Argentinas","Ministro Pistarini International Airport","Buenos Aires",EZE
"Aeroméxico","Mexico City International Airport","Mexico City, Mexico",MEX
"Aeroméxico Connect","Monterrey International Airport","Monterrey, Nuevo Leon",MTY
"Air China","Beijing Capital International Airport","Beijing",PEK
"Air Europa","Adolfo Suárez Madrid–Barajas Airport","Madrid",MAD
"Air France","Charles de Gaulle Airport","Paris",CDG
"Air France","Orly Airport","Paris",ORY
"Air India","Indira Gandhi International Airport","Delhi",DEL
"Air India","Chhatrapati Shivaji International Airport","Mumbai Metropolitan Region",BOM
"Air Serbia","Belgrade Nikola Tesla Airport","Belgrade",BEG
"Alaska Airlines","McCarran International Airport","Las Vegas Valley",LAS
"Alitalia","Milan–Malpensa Airport","Milan",MXP
"Alitalia","Leonardo da Vinci–Fiumicino Airport","Rome",FCO
"All Nippon Airways","Haneda Airport","Greater Tokyo Area",HND
"All Nippon Airways","Narita International Airport","Greater Tokyo Area",NRT
"American Airlines","V. C. Bird International Airport","",ANU
"American Airlines","Austin–Bergstrom International Airport","Greater Austin",AUS
"American Airlines","Barcelona–El Prat Airport","Barcelona",BCN
"American Airlines","L.F. Wade International Airport","Bermuda",BDA
"American Airlines","Logan International Airport","Boston",BOS
"American Airlines","Ministro Pistarini International Airport","Buenos Aires",EZE
"American Airlines","Cancún International Airport","Cancún",CUN
"American Airlines","Charlotte Douglas International Airport","Charlotte metropolitan area",CLT
"American Airlines","O'Hare International Airport","Chicago",ORD
"American Airlines","Dallas/Fort Worth International Airport","Dallas–Fort Worth metroplex",DFW
"American Airlines","Denver International Airport","Denver",DEN
"American Eagle","Baltimore–Washington International Airport","Baltimore–Washington metropolitan area",BWI
"American Eagle","Cincinnati/Northern Kentucky International Airport","Cincinnati",CVG
"American Eagle","Cleveland Hopkins International Airport","Cleveland",CLE
"American Eagle","John Glenn Columbus International Airport","Cleveland",CMH
"American Eagle","Indianapolis International Airport","Indianapolis, Indiana",IND
"American Eagle","Montréal–Pierre Elliott Trudeau International Airport","Greater Montreal",YUL
"American Eagle","Nashville International Airport","Nashville, Tennessee",BNA
"American Eagle","Norfolk International Airport","Hampton Roads",ORF
"American Eagle","Philadelphia International Airport","Delaware Valley",PHL
"Asiana Airlines","Incheon International Airport","Seoul Metro Area",ICN
"Austrian Airlines","Vienna International Airport","Vienna",VIE
"Avianca","El Dorado International Airport","",BOG
"Avianca","Alfonso Bonilla Aragón International Airport","Santiago de Cali",CLO
"Avianca","Rafael Núñez International Airport","Cartagena, Colombia",CTG
"Avianca","José María Córdova International Airport","Medellín Metropolitan Area",MDE
"Avianca","Matecaña International Airport","Pereira, Colombia",PEI
"Avianca Brazil","São Paulo–Guarulhos International Airport","São Paulo",GRU
"Avianca Costa Rica","Juan Santamaría International Airport","San José, Costa Rica",SJO
"Avianca El Salvador","Ramón Villeda Morales International Airport","San Pedro Sula",SAP
"Avianca El Salvador","Monseñor Óscar Arnulfo Romero International Airport","El Salvador",SAL
"Azerbaijan Airlines","Heydar Aliyev International Airport","Baku",GYD
"British Airways","London City Airport","London",LCY
"Brussels Airlines","Brussels Airport","Brussels",BRU
"Caribbean Airlines","Cheddi Jagan International Airport","Georgetown, Guyana",GEO
"Caribbean Airlines","Norman Manley International Airport","Kingston",KIN
"Caribbean Airlines","Sangster International Airport","Montego Bay",MBJ
"Caribbean Airlines","Piarco International Airport","Trinidad",POS
"Caribbean Airlines","Arthur Napoleon Raymond Robinson International Airport","Tobago",TAB
"Cathay Pacific","Hong Kong International Airport","Hong Kong",HKG
"Cathay Pacific","Vancouver International Airport","Metro Vancouver",YVR
"Cayman Airways","Owen Roberts International Airport","",GCM
"China Airlines","Taoyuan International Airport","Taipei, Taoyuan, Hsinchu etc.",TPE
"China Eastern Airlines","Shanghai Pudong International Airport","Shanghai",PVG
"China Southern Airlines","Guangzhou Baiyun International Airport","Guangzhou",CAN
"Copa Airlines","Tocumen International Airport","Panama City",PTY
"Delta Air Lines","Kotoka International Airport","Accra",ACC
"Delta Air Lines","Amsterdam Airport Schiphol","Amsterdam",AMS
"Delta Air Lines","Queen Beatrix International Airport","Amsterdam",AUA
"Delta Air Lines","Hartsfield–Jackson Atlanta International Airport","Atlanta",ATL
"Delta Air Lines","Austin–Bergstrom International Airport","Greater Austin",AUS
"Delta Air Lines","Barcelona–El Prat Airport","Barcelona",BCN
"Delta Air Lines","L.F. Wade International Airport","Bermuda",BDA
"Delta Air Lines","Logan International Airport","Boston",BOS
"Delta Air Lines","Brussels Airport","Brussels",BRU
"Delta Air Lines","Cancún International Airport","Cancún",CUN
"Delta Air Lines","Charleston International Airport","Cancún",CHS
"Delta Air Lines","Blaise Diagne International Airport","Dakar",DSS
"Delta Air Lines","Dallas/Fort Worth International Airport","Dallas–Fort Worth metroplex",DFW
"Delta Connection","Baltimore–Washington International Airport","Baltimore–Washington metropolitan area",BWI
"Delta Connection","Bangor International Airport","Bangor, Maine",BGR
"Delta Connection","Logan International Airport","Boston",BOS
"Delta Connection","Buffalo Niagara International Airport","Buffalo metropolitan area",BUF
"Delta Connection","Burlington International Airport","Burlington, Vermont",BTV
"Delta Connection","Charlotte Douglas International Airport","Charlotte metropolitan area",CLT
"Delta Connection","O'Hare International Airport","Chicago",ORD
"Delta Connection","Cincinnati/Northern Kentucky International Airport","Cincinnati",CVG
"Delta Connection","Cleveland Hopkins International Airport","Cleveland",CLE
"Delta Connection","John Glenn Columbus International Airport","Cleveland",CMH
"Delta Connection","Dallas/Fort Worth International Airport","Dallas–Fort Worth metroplex",DFW
"Delta Connection","Detroit Metropolitan Airport","Detroit",DTW
"Delta Connection","Indianapolis International Airport","Indianapolis, Indiana",IND
"Delta Connection","Jacksonville International Airport","Jacksonville metropolitan area",JAX
"Delta Connection","Minneapolis–Saint Paul International Airport","Minneapolis",MSP
"Delta Connection","Montréal–Pierre Elliott Trudeau International Airport","Greater Montreal",YUL
"Delta Connection","Nashville International Airport","Nashville, Tennessee",BNA
"Delta Connection","Louis Armstrong New Orleans International Airport","New Orleans",MSY
"Delta Connection","Norfolk International Airport","Hampton Roads",ORF
"Delta Connection","Philadelphia International Airport","Delaware Valley",PHL
"Delta Connection","Pittsburgh International Airport","Pittsburgh, Pennsylvania",PIT
"Delta Connection","Portland International Jetport","Portland, Maine",PWM
"Delta Connection","Raleigh–Durham International Airport","Research Triangle Metropolitan Region",RDU
"Delta Connection","Richmond International Airport","Central Virginia",RIC
"Delta Connection","Greater Rochester International Airport","Rochester, New York",ROC
"Delta Connection","Savannah/Hilton Head International Airport","Savannah, Georgia",SAV
"Delta Connection","Syracuse Hancock International Airport","Syracuse, New York",SYR
"Delta Connection","Toronto Pearson International Airport","Greater Toronto Area",YYZ
"Delta Connection","Washington Dulles International Airport","Washington metropolitan area",IAD
"Delta Connection","Ronald Reagan Washington National Airport","Washington metropolitan area",DCA
"Delta Connection","Charleston International Airport","Washington metropolitan area",CHS
"Delta Connection","Southwest Florida International Airport","Fort Myers",RSW
"Delta Connection","Halifax Stanfield International Airport","Halifax, Nova Scotia",YHZ
"Delta Connection","Martha's Vineyard Airport","Dukes County, Massachusetts",MVY
"Delta Connection","Nantucket Memorial Airport","Dukes County, Massachusetts",ACK
"Delta Connection","Tampa International Airport","Tampa Bay Area",TPA
"Delta Connection","Palm Beach International Airport","Palm Beach County",PBI
"EgyptAir","Cairo International Airport","Cairo",CAI
"El Al","Ben Gurion Airport","",TLV
"Emirates","Dubai International Airport","Dubai",DXB
"Emirates","Milan–Malpensa Airport","Milan",MXP
"Etihad Airways","Abu Dhabi International Airport","Abu Dhabi",AUH
"Eurowings","Düsseldorf Airport","Düsseldorf",DUS
"EVA Air","Taoyuan International Airport","Taipei, Taoyuan, Hsinchu etc.",TPE
"Finnair","Helsinki Airport","Helsinki",HEL
"Fly Jamaica Airways","Cheddi Jagan International Airport","Georgetown, Guyana",GEO
"Fly Jamaica Airways","Norman Manley International Airport","Kingston",KIN
"Hainan Airlines","Chengdu Shuangliu International Airport","Chengdu",CTU
"Hawaiian Airlines","Daniel K. Inouye International Airport","Honolulu",HNL
"Iberia","Adolfo Suárez Madrid–Barajas Airport","Madrid",MAD
"Icelandair","Keflavík International Airport","Greater Reykjavík Area",KEF
"Interjet","Cancún International Airport","Cancún",CUN
"Interjet","Mexico City International Airport","Mexico City, Mexico",MEX
"Japan Airlines","Haneda Airport","Greater Tokyo Area",HND
"Japan Airlines","Narita International Airport","Greater Tokyo Area",NRT
"JetBlue Airways","Rafael Hernández Airport","Aguadilla, Puerto Rico",BQN
"JetBlue Airways","Albuquerque International Sunport","Albuquerque, New Mexico",ABQ
"JetBlue Airways","V. C. Bird International Airport","Albuquerque, New Mexico",ANU
"JetBlue Airways","Queen Beatrix International Airport","Albuquerque, New Mexico",AUA
"JetBlue Airways","Hartsfield–Jackson Atlanta International Airport","Atlanta",ATL
"Kenya Airways","Jomo Kenyatta International Airport","Nairobi Metropolitan Region",NBO
"KLM","Amsterdam Airport Schiphol","Amsterdam",AMS
"Korean Air","Incheon International Airport","Seoul Metro Area",ICN
"Kuwait Airways","Kuwait International Airport","Kuwait City",KWI
"LATAM Brasil","São Paulo–Guarulhos International Airport","São Paulo",GRU
"LATAM Chile","Jorge Chávez International Airport","Lima",LIM
"LATAM Chile","Comodoro Arturo Merino Benítez International Airport","Santiago",SCL
"LATAM Ecuador","José Joaquín de Olmedo International Airport","Guayaquil",GYE
"LOT Polish Airlines","Budapest Ferenc Liszt International Airport","Budapest",BUD
"Lufthansa","Berlin Tegel Airport","Berlin",TXL
"Meridiana","Milan–Malpensa Airport","Milan",MXP
"Norwegian Air Shuttle","Martinique Aimé Césaire International Airport","Fort-de-France",FDF
"Norwegian Air Shuttle","Pointe-à-Pitre International Airport","Pointe-à-Pitre",PTP
"Norwegian Air Shuttle","Amsterdam Airport Schiphol","Amsterdam",AMS
"OpenSkies","Orly Airport","Paris",ORY
"Philippine Airlines","Ninoy Aquino International Airport","Greater Manila Area",MNL
"Philippine Airlines","Vancouver International Airport","Metro Vancouver",YVR
"Qantas","Brisbane Airport","Brisbane",BNE
"Qatar Airways","Hamad International Airport","Doha",DOH
"Royal Air Maroc","Mohammed V International Airport","Casablanca",CMN
"Royal Jordanian","Queen Alia International Airport","Amman",AMM
"Saudia","King Abdulaziz International Airport","Jeddah",JED
"Saudia","King Khalid International Airport","Riyadh",RUH
"Singapore Airlines","Frankfurt Airport","Frankfurt",FRA
"Singapore Airlines","Singapore Changi Airport","Singapore",SIN
"South African Airways","O. R. Tambo International Airport","Johannesburg",JNB
"Sun Country Airlines","Minneapolis–Saint Paul International Airport","Minneapolis",MSP
"Swiss International Air Lines","Geneva Airport","Geneva",GVA
"Swiss International Air Lines","Zürich Airport","Zürich",ZRH
"TAME","Mariscal Sucre International Airport","Quito",UIO
"TAP Air Portugal","Lisbon Airport","Lisbon",LIS
"Thomas Cook Airlines","Manchester Airport","Greater Manchester",MAN
"Turkish Airlines","Istanbul Atatürk Airport","Istanbul",IST
"Ukraine International Airlines","Boryspil International Airport","Kiev",KBP
"Uzbekistan Airways","Riga International Airport","Riga",RIX
"Virgin America","McCarran International Airport","Las Vegas Valley",LAS
"Virgin America","Los Angeles International Airport","Greater Los Angeles Area",LAX
"Virgin America","San Francisco International Airport","San Francisco Bay Area",SFO
"Virgin Atlantic","Heathrow Airport","London",LHR
"Virgin Atlantic","Manchester Airport","Greater Manchester",MAN
"Volaris","Guadalajara International Airport","Guadalajara, Jalisco",GDL
"Volaris","Mexico City International Airport","Mexico City, Mexico",MEX
"Volaris Costa Rica","Monseñor Óscar Arnulfo Romero International Airport","El Salvador",SAL
"Volaris Costa Rica","Juan Santamaría International Airport","San José, Costa Rica",SJO
"WestJet","Calgary International Airport","Calgary",YYC
"WOW air","Keflavík International Airport","Greater Reykjavík Area",KEF
"XiamenAir","Fuzhou Changle International Airport","Fuzhou",FOC
"XL Airways France","Charles de Gaulle Airport","Paris",CDG
